KO69R5975,RV87TIY76692
AO13W1028,RR73DWB65452
GF84U4130,KW50MJG67260
KO64Z6868,QW79CHL42244
KO87M8492,DO24BCW15511
NE55G3669,PD45WOT56494
AO19M3646,BM25PHF40639
OO26V4144,XV40HUQ04740
NE80E5551,VX68BAR38623
GF51E2190,EN26OAB52983
KO53F1683,MQ65WJJ60020
AO19H6549,OC94ASJ72024
KO38E3788,ED51EWW52190
EG76E0993,VL67TFO75321
AO69I5108,HT62RDI04611
MR39O1247,IZ65WAT29135
OO68H9901,WG11QVY31890
MR58R4385,QN23UHH39091
NE66B0405,NY14GZR94632
AO31K4646,SU00RDZ36214
GF61W4412,LM86GYO69819
OO01A7197,AY38OQF67603
MR36J6829,QH15HWX24570
NE74M6592,NO82BAX82566
GF64H7689,BY85QGR11636
GF94Q2036,MA30QLI76818
GF52T0389,XF28DGK65250
MR56E8319,KF48RSD79865
EG79G1284,TZ48CCW54765
AO49I8807,YL27IFD65117
EG23G6966,EC02LZC49528
NE31Q7933,EV77EDV52985
EG05B7264,IW53OQE31439
GF26N8608,QN12NTR81378
OO41Q9202,RK48BOP88344
OO29X6651,EE22TMX10817
AO88V0724,SY96JDQ97089
MR30M7731,HA82SCK64299
AO94O1451,BZ76ROL87339
MR55V8401,EZ65FLV39493
GF62J1185,MP14WFM40909
GF96B8067,CP56DAO45598
AO27P4628,LG64ARC91224
NE71H2256,NZ35XLQ89678
OO14E0167,AT19HLV57173
NE74M0871,QP02SYE47964
MR93N1400,HR53SRO94328
GF84T8932,PF04UCA93312
EG36L0177,TE24LCO18661
MR26E3126,QO68DIC93032
MR06V9056,RR98KQE80731
GF26E1328,UF84JOS00561
MR63V2295,XV91YMP27722
MR72G8045,HE38BQH01623
KO80I5938,QO77TFN61853
KO95P1306,JO50FSF60755
OO59B1482,VJ92OYV94295
EG74B6896,DW44ZOO26361
EG56V3913,CR31GMR97972
EG47I2811,XE59BZM26378
NE66N5124,PM58XHX45588
KO37T8485,FL13UMN92207
MR57I0349,UA13YTK28483
NE91T5473,EG95RTB75032
GF17K5976,SL09NOT64494
GF87C4626,IO09FGE68100
NE97X0282,OY94SZK34436
OO67L7721,BK77KNV91142
KO91P5387,ZY93PCY41868
AO12K0807,MX39VOS38645
NE61X5911,JV67MTI17124
EG87C3789,MU06LHX94338
NE43B7275,FY47TUN40300
NE09V3603,UP28MBM38391
KO58G5356,YH66OKD41942
OO20E8329,QX75YWC61835
KO57Z7727,IX01MVL33676
GF52G9102,WU78BMX13511
KO44J2006,WY00MLL63827
EG47U1656,IN99SEN20660
OO58I4183,EM54HQI58682
GF85Z5553,CK97FAU13897
EG13U6715,JD78PQD35395
KO75W9528,UO75YNW62238
OO65G9691,IC95TLY24827
NE83K9493,IA29IQS63679
OO43C8099,QR03XCJ37459
EG52J0268,QU94IGC75528
OO49W8536,JF94VYA88954
GF48M7092,JE65QJK64802
GF85R2347,YX66XYW62640
MR98F8272,BI87HYL81972
KO82C5500,HW75BKT77773
KO72G8546,KB55KTM48860
OO85U6024,LC72NRN52084
AO87S8322,DV04FQL29609
EG87N4472,CM15YCB60994
AO11L5271,DP11ENT03275
EG00X1873,TV81MAQ99005
AO18S3731,PE73VJU23485
