46876,hannah41,230f7bfb46a8db73d71ed469c87b843b4ed7277e331581e97874090a4d7cd0e7
82271,erik17,65776f98398954805ca8794708540ef50758559ab74840b204eaec8e780b07de
29627,iruiz,71566092e565bda0534b41613c1d85519bc520b9fdb8506c3ce1cdc55783ddff
69588,kellyherring,8331c3527c0030e1cbea68e9ae42e654a44a95de1659382264bcfb41f720781a
95106,phammelinda,afdf8607f8d3036d7ef6747557e93d4d5af554a5b0bad7b4157aa371881d4ca0
11660,jshannon,7bc2a3dfde9fce9a1c186597e9bee917b04a2b82d24cb61359c81a7ba58aae9b
11556,dickersonamber,df752eae5f0bafea4089818488a1b67087517418ee6090436fdb741cbf3792f4
77618,david32,57fe3f26cc5b64f3980166c94c30d8a8ae644ad93ac0ad9239db3cac208815d4
65263,smontgomery,ebfc2e9d1fe81189ac79f1383e15dc6bcdc6ef3cee30258a5c476470f9160b90
92182,michael76,6f344d591758b77d790fec9c035a3c1519a3a5617c2f0a07362f377cbd93ebb3
66131,lindsey42,49c221135385107489bbac9cf5f5129eeb36e887f8a49d333442365d731ce2d3
29385,matthew36,100d1f77417b834acfc2100504a5ab5cc8af449ba73384c89ca49953b917a7e5
95970,williamsmatthew,b1982acf55fc6342014a8622962482581376561941768cce952f5c5137945845
90463,lisalewis,02ef2e18c13d05279b701cd510bb18786c5938425ff93051822b35ba05e0515b
11534,qkrause,401de988a297fbe03c7a8ec1b51f69a632c896fc9ee4aa2d1d03037d795cfa6b
76326,stephenmoore,22325d09785bb382ad338fa6795ebf651791dd05e81d60a9ce74e4cb73c918be
98774,johnsonkeith,c9eb9fcc152649dc0faa1f4a28ef877d0e32126f74c76719f161a29022bf44ea
35068,amandaryan,ae235b0b987302ccfa9e0c0cd144397aa74f0f96c14253108e7a65db836e8532
99933,jchapman,297304ad69093cc785ec3e833cf4685c4b10c52529cfdf96371115155f736dc5
79379,woodrussell,94c5504cdcc14be08297c4144ece5ea39cfeafd35f605ed28286bcde41b76d24
41917,brandon71,1c33abb389c7e5533d7fbfc080728fb1c3bc7bc0c9d73225068ab1b68550059a
92487,steelekristin,ca5d713f76c4df29c2bddb74277859238eb9354f6731130aaa105d925a2ffeab
82644,ycantrell,79ba99255d7060a14b3ed5b34f641f90cfba68daa6e52bc7e6d1fed10c0682fc
71902,allisoncarol,3bb90d0b440d638ee47b2582d7fbc963b4ae92ccf22ba55b21fb60882bd07809
63005,michelesmith,a1a537a9e9a28a4d7ca63259fe40a33d71588fcaa20fa10aa723de82f9e12618
86132,danielrivers,1be344c3640ed6e10925a2f52d436271c4f0870f9b8c2350038e226bd9d531c7
69324,jessica95,af005006ed9b77473f2c0e8890abf783e9cbd37ca0b7fb7cfbed19d04de59449
62026,ereed,6e2efd16f971f110a818e2449ae3caa366bc4b756cc539c8f482b11eacdcb5aa
57396,ericmueller,031613f690c2ef272663b8425a23946012387fdab1dd0604bfd3803f1f9131f8
31720,griffintracy,980b8efc3ff7a44dd0b9eb66327c84825753b763fae5e0ff0b4048858ef1822a
31091,caitlinaguirre,a9a21f80a7a8542df05eac0d5e4bc40ee7550c861cc215d682a2b8cced7e50ad
45436,michelle01,46a293cd7f26dea008fdcbb4070b0f890d3d8784f5ba459152cb456ce2a3a925
47942,collinsmaria,d1b490d2fe1d14da6544049831550d3fee6e4151d3716b503435244eda3a04e4
43493,santiagolouis,4f0cc78fd66764a30600290f4f1612a26d08debc7bdbf2699d532ea92804cd08
67437,zvaughn,5da5247024ca35389d5e3c4ea1d2891a84307db689ffe0cf0eb9985bdb43f683
91858,taylorwanda,2662663539bd7c926b9dd201564af22a16e3b2108bfd44398cb7ce8d28461255
58956,rhonda32,c6b5a867824063b4f9fb6f75b65ae8ba884b37e24afd7d52e2690761e067ff02
41752,jonesdavid,1a96adf5b916ee64ae3a4db541ec341bf7a249aada1449a80b45b6823864614e
52354,gabbott,9b00ccdeb4a4938749c5e8fab4045b8d0c25a0bcfa0fdda6d2dc70eba81608e7
54010,morriskevin,bc13f88740c288b44c2d85a3fb66fee50a54cad5df4e2093d8220602c9677e88
52713,gilbertkelly,8996fc4913ffbd242b512c85a3e0a63b47c9bc2f3507cac44dd2af934f7d5f6a
59058,cynthia17,655637db153a3c715ed35f53659461a8b10ef6125c80e8c1bec89371856830e2
24730,wjackson,549823e4896a3c9bc8b2283e7be27987d54956200a9d955df5af1ad182758616
94535,rogerskayla,bcde901a4eaf5d93996a1b008692297ad6243e564d8e4b5e5fec04cbf147ff23
26605,uholloway,a23c045785cec3dc03839ebd384cf1ec9a0712fbf917c1cd6755fbd2b1b55c96
49466,leslie70,954786fc2e88dfd2672ce6dd35fe592f881d135880956442a2d418024a746213
42133,mitchellrichard,a52844613425010e4dcd70fbce21c6c9187671628e3ae0c66031dbe6759c396d
19768,dustin94,c4641653c1df730a643f21c33edd25419be7b6f27afea0d0b9ebeee5b05d7469
52563,derickson,85abb99d27823c08b6a9c3fd09f931791975fc764f4c8ef8591fc7840df4d9cf
87058,alexandradaniels,95736ead189251e7c4acaa8162e5475c623958528cd75c20c87db97d6b83c20d
76530,debra83,2c40b44755531bd51d8e14851a0706be2c509be5e0fc6d9f4c86375caa187d53
71504,jamescontreras,7d526d28e14320eeb6b5d4de9fd1c431849be6cec3ab4f99f9afed5ffa8d8e0f
95402,romerojoel,70e44dc88e3541c89ff7833770f0955c56167be720322811b132849b584e4f3e
65633,derrickhall,c8eb76a80106a4d7b393bf7a5e957c64d69c40bdc43973e24e5f2b8d6ec5306c
40986,thomasseth,e316f40428924e64e0ff934443d58547f4546ce464b7f17af33f0eb567d3e229
75507,nataliemills,72561a58b95b22fc8cbba05ce6059d2e3e8872dbc1bda0828ed4be82a00ee7db
72766,eanderson,6913025394e271dfb588997618aad301a4861a77fdeedf6e93ab4a9e9eb431c4
21273,neil16,54c7696c49dd22565365461ea58de59eae1efe6532d30c8e6664ae6b09cdb516
17710,ccox,ec4a94d853f374dd06b961d0e57ea6855822a0bd9d7bd7ffaa99e5a871e0bed5
51875,xhenderson,1718382d134e2cb79ef55915304b13dbbc6c79e7223cfb1cd8a783ffe40bc335
96444,jack32,23b694fa1e3668938d2895a791af3805b72658758c9fa8a63c5d10a72ff3e144
57758,jcastro,43d1860bb406723051d9adcbf683e7b4867069ecb9c3db840fc309768ca4f4af
60769,eporter,3d73f0ccaf411ebf1f2b57ccd534265883c798d521b4565f3af89da2b4758472
15922,lozanoronald,6bc03cb541a1e9c468aabe883675110af160fd6c874a64b8ad17985d702a7009
82243,hortiz,d9e5049320fa749520f41b420a28a45dafc060e7d7605b058ee6d35ddaa525b0
88575,kennethhowe,d607a7353fca0b50871c6021a05520c411ad3857fa14512e6d561b2372c5ecc0
45902,veronica97,8e893b2a63f44bec4426fde54469231057af03c289706d3a768add94ec197f8f
13523,watkinstonya,b898055dd0cba7f8f9440f16bcddca514e416cf0f75ea627615e3bd3fb005e1c
25770,jonathanalexander,53580d1cb053d97fe4233bc23e09932871c3cd43b5756addfd57c8ba5ca69321
60472,ttodd,b6f484100d33487292e9c179cbea0e47ab30fda52fc0b321306d240fd0ca6a3d
41418,smithrobert,e7af88fc774d6ab61ad878e99f3a8a690af6e7720299c013cc67e372c035b99b
33984,zmartin,91c85fa89554f809fcc17d7da24693946ef60fc5aae4cba0b21130feee9d496a
53385,olynch,e716115e8a8359cd9207c5d63ef6de93083d6e2af80e87200c45428ab848ff11
83919,julie39,3ff66f5dbb055edafea79df7d02fae9dd7842df0182391617f5edd51ac1b92f9
22177,andrewwilson,71709f6125ab66aa71dbf093c3a07c79f6f524a90afe99f5e3aae1dfb3aa3c98
48867,markbond,bc1db8d9a54f471da52355cc827bde1981fa74c219dfe0bcf8440635bdbd1d42
33292,christopherdonovan,f9bb15f8b0d33d4eeb35a6027d5f835cb012f3cddc883a6db6f35dcc5d90678d
24414,gabriel03,019617985b0bf79b731e8b0793e13ea5d928d4d09e0f605b96b5456e606e824f
68707,danielholland,773eba1105e28d1e9ef786599f8a25126dfae7c9ed9d1f4a8a0ab6a83b73a037
34611,elizabethfisher,08e8c6850cdcb5f2891393c79831104fcd93d42263c942af1e8c8eac36e1dd4d
47247,garciadaniel,ab033d0a1cb5eab46ceeae910b5e76d57fd45f60c60b77c9e67613bad6765655
19400,carpenterdennis,00dbc6e0d8c94b058d145d462d1f7d429debf0a83bacbc38e229365796b537b2
85051,brandi78,fcfa78025b82ee327858557c02f41ddc4c9fe68193f56a135d965538686527b4
19431,lopezjill,632d42213dd28433449afc7c32db8c8e5d755a028ce23e3f01d6f279883e8a59
47621,donnalopez,67a8fed59bcf990b6fb0bebfddcd3e1e3b8f2685f15aa4c7ea0b88c4d3c12b00
60301,leahfernandez,75dcb8e94c7da15f237e32ad3d7e8dec873ab49e6aa326c2910b7f63b4df3638
90763,mosesmeghan,844d86ccba11143702f2288b15526715a2deb5de8d1e8589a8436fdae04715cd
94469,ryanfowler,c21e83548d9b84c536b43a51fbfc4ec11334dbdad65ad78374434053633c06af
64078,carlsonhannah,94e022dea010196f28a1894d91bc96dbf30397fffd57cfe3fecb5c3d64d89894
90830,ngomez,2c111070f30b74f1c950a5eaf409958c8fa2c5b01f34d8c9a9891cda21c92c27
91105,jpatrick,2ae0d0114b64cd2c88c60452a14724f0d01f06e5f6d389a943f4fb8478447441
78387,izamora,6ca0062429dc80977b042f06e38a008b6df6de79cfe7789fbf5d56257ff72bf4
52588,lindsay70,d6e7f3907ea326d8cc688a8a8e464ba0dd16ede5519f6e38b5c5ad9319d5dde7
45233,icollins,4b249f13b7fd958a28fae919d489a79fe3032640ad56a0eb3a9a8002f43a4647
60457,hcrane,5f19311e8674834e5e47c4bc6ed5551ac5b593fa779c7dcc34765f7d8113a369
97449,kreilly,eb3b75c4b99ec10c9c947ccc593f62fe7b3fdc13f6d82155fc3ae7997a70cc44
34758,angela70,9f48671e83e8f48255a7da5016afc94417ceefaae480855d0dd3bce4cf329994
72934,berrystephen,49b00d71a49a8f9bf0c18ab3c66a8af7efce0b96c17531f824b1085207e95026
89598,pbarber,c7917641e5d90d6b20d09ad0f6b0d05a58b98773a1f7bc8c16ec9f74efc0554f
71928,lindadorsey,c458c9f6c9237855069313dbf34acf3e4a983ff9b375f9b7af7cbb6784738411
1,userAO,8b57c1548ed86d294a398d23199839b66fe77cf9929ec2fbb6357a26c6597a3a
2,userKO,e1f02f3c47164818623016096e9651a88a2d8d6b136b405affa4fdaf7ceaa029
3,userGF,d5ebbbd1171257bf84f4c2693ae22d3683c1cb97f377dd5f20b9b948db39424a
4,userNE,02535f5f170ceaca0df13201d08ff836607621b441c6ec34fd50aa2b06a65e5f
5,userOO,989db97a0af11ec282d33ac82b0b9de362d67c4234f3d1b7dad8a3d2300d12eb
6,userMR,bd77b40133bcc38b28e83b352a6294b30495d6c67e7a4f40cc7cfab4b1579eac
7,userEG,18fb630cfc72237275ad9c9ea26ad8199fc0fbb14719d2a066f7422439f7392a
21,Pierrakakis,96e7a89b64635fdf8565ad681708acbe09a8d06eb3de0d9b1ae8447ba4b4efd7
11,Bank1,40c2341ae8ebe1de59ee0f98e3f0b1e16f63c28db4da612a0d0b63e4ed8ea59c
